Subject_ID,mean_velocity,std_velocity,foot_distance_std,knee_angles_mean,core_mean_velocity,z_range,x_mean,mean_confidence,com_autocorr_1,com_trend,movement_reversals,movement_regularity,stability_trend,stability_variance,stability_min,dominant_frequency,spectral_centroid,spectral_spread,spectral_energy,freq_power_ratio,left_arm_asymmetry,left_leg_asymmetry,base_support_mean,base_support_std,base_support_min,cop_velocity,cop_acceleration,cop_path_length,left_arm_right_arm_coordination,left_leg_right_leg_coordination,left_arm_left_leg_coordination,right_arm_right_leg_coordination,left_arm_right_arm_phase_coupling,left_arm_left_leg_phase_coupling,left_arm_right_leg_phase_coupling,right_arm_left_leg_phase_coupling,right_arm_right_leg_phase_coupling,left_leg_right_leg_phase_coupling,sway_area,sway_velocity,sway_acceleration,ml_sway,ap_sway,left_knee_left_ankle_coord,right_knee_right_ankle_coord,left_shoulder_left_elbow_coord,right_shoulder_right_elbow_coord,interaction_mean_velocity_std_velocity,interaction_mean_velocity_foot_distance_std,interaction_mean_velocity_knee_angles_mean,interaction_mean_velocity_core_mean_velocity,interaction_mean_velocity_z_range,interaction_mean_velocity_x_mean,interaction_mean_velocity_mean_confidence,interaction_std_velocity_foot_distance_std,interaction_std_velocity_knee_angles_mean,interaction_std_velocity_core_mean_velocity,interaction_std_velocity_z_range,interaction_std_velocity_x_mean,interaction_std_velocity_mean_confidence,interaction_foot_distance_std_knee_angles_mean,interaction_foot_distance_std_core_mean_velocity,interaction_foot_distance_std_z_range,interaction_foot_distance_std_x_mean,interaction_foot_distance_std_mean_confidence,interaction_knee_angles_mean_core_mean_velocity,interaction_knee_angles_mean_z_range,interaction_knee_angles_mean_x_mean,interaction_knee_angles_mean_mean_confidence,interaction_core_mean_velocity_z_range,interaction_core_mean_velocity_x_mean,interaction_core_mean_velocity_mean_confidence,interaction_z_range_x_mean,interaction_z_range_mean_confidence,interaction_x_mean_mean_confidence,velocity_cv,balance_coordination
E01,0.0,0.0,0.0,0.0,0.0,0.0,0.0,0.0,0.985003149933758,-1.5840502676600286e-05,0.5249457700650759,0.0017043693833281685,0.00027939924573029267,1.7667058919606453e-05,0.9644134258674442,0.0,-2.098551709988645e-07,0.22041386949708752,169088.23422621156,3.5653413435310553,0.02776487345198416,0.007071974233610415,0.08036140377808312,0.025352562277345895,0.008015702667265048,0.0026249175698384968,0.0045264114351317485,16.242989922160618,0,0.0,0.0,0,0,0.0,0.0,0,0,0.0,0.09891489189863621,0.0024641997120092222,0.004043290686946161,0.07913595494172572,0.018465146569159648,-0.027308351398002986,-0.04025987724718499,0.19378200790683134,0.26138609733935464,0.0,0.0,0.0,0.0,0.0,0.0,0.0,0.0,0.0,0.0,0.0,0.0,0.0,0.0,0.0,0.0,0.0,0.0,0.0,0.0,0.0,0.0,0.0,0.0,0.0,0.0,0.0,0.0,0.0,0.0
E02,0.0,0.0,0.0,0.0,0.0,0.0,0.0,0.0,0.9786424058004541,2.1772877650992903e-06,0.5211023318558489,0.0011562921564848719,-0.00017189478607367506,3.419838001734016e-05,0.9617898382740939,0.0,-9.463378648291287e-06,0.2039750166753645,53821.00181824763,4.661930717807359,0.016336107901168427,0.0008698365210400551,0.0706212227583727,0.02741843063291966,0.005143207506994019,0.002904770630118375,0.004894367161299018,15.023473698972236,0,0.0,0.0,0,0,0.0,0.0,0,0,0.0,0.010843095320927502,0.0025983733534582216,0.0042021718511054155,0.04485068055042385,0.008429790464934339,-0.15821199832396243,0.09038344015165148,0.240938660913312,0.16622880294522863,0.0,0.0,0.0,0.0,0.0,0.0,0.0,0.0,0.0,0.0,0.0,0.0,0.0,0.0,0.0,0.0,0.0,0.0,0.0,0.0,0.0,0.0,0.0,0.0,0.0,0.0,0.0,0.0,0.0,0.0
E03,0.0,0.0,0.0,0.0,0.0,0.0,0.0,0.0,0.9682611202229011,1.1784071911924746e-06,0.5299401197604791,0.00037425149700598805,-0.0002490035406014654,5.430243798079463e-06,0.9769982514372915,0.0,-9.29140668259317e-06,0.22386462715468453,68214.37498092894,3.891031961848759,0.015304685373474531,0.020951392553190545,0.05963566799913883,0.020028958324104427,0.003048732905651102,0.001861292167690723,0.0032076565568764015,9.935577591133079,0,0.0,0.0,0,0,0.0,0.0,0,0,0.0,0.004102233759652499,0.0019146274434729419,0.0031634529552282097,0.03196736432721116,0.006366238818117808,-0.15358197259099704,-0.0041634396905470055,0.09589440597671771,0.15200473212587148,0.0,0.0,0.0,0.0,0.0,0.0,0.0,0.0,0.0,0.0,0.0,0.0,0.0,0.0,0.0,0.0,0.0,0.0,0.0,0.0,0.0,0.0,0.0,0.0,0.0,0.0,0.0,0.0,0.0,0.0
E04,0.0,0.0,0.0,0.0,0.0,0.0,0.0,0.0,0.9812206172157718,-1.1613235892892571e-05,0.5156660602385285,0.0,7.682846607678372e-05,5.554407332186627e-06,0.9784583982077727,0.0,-2.900126829783848e-05,0.20639486681343366,45679.44996634396,4.508349744069908,0.020035307775538296,0.0038570971956517234,0.05487721788142381,0.027456849290075087,0.01034619193181725,0.0021190595911503153,0.0036827656183918847,10.474511559056008,0,0.0,0.0,0,0,0.0,0.0,0,0,0.0,0.006202171452308753,0.0017134058819279659,0.0027711848498813427,0.0409344170132881,0.006775934307893832,-0.031218431869373786,-0.18818528734135725,0.15833010625842583,0.31648470692173475,0.0,0.0,0.0,0.0,0.0,0.0,0.0,0.0,0.0,0.0,0.0,0.0,0.0,0.0,0.0,0.0,0.0,0.0,0.0,0.0,0.0,0.0,0.0,0.0,0.0,0.0,0.0,0.0,0.0,0.0
E05,0.0,0.0,0.0,0.0,0.0,0.0,0.0,0.0,0.9735698046258817,-8.676486342148045e-06,0.5205684367988033,0.0011219147344801795,-0.0004240271121321438,9.435302037580561e-06,0.9715532582624392,0.0,-7.382409311334193e-07,0.2123088921762371,59046.458282924184,4.491408331656994,0.02132473778726732,0.008223715268866581,0.07697392778691273,0.02069325182666446,0.015478016778644507,0.002477685105889015,0.004341239625477854,13.243226890976786,0,0.0,0.0,0,0,0.0,0.0,0,0,0.0,0.005699666559270002,0.0022249028935008024,0.0036240877745144138,0.03364138982638721,0.005922906629853968,-0.05492446069584654,0.017638979606111826,0.16144122439473924,0.08147371047489937,0.0,0.0,0.0,0.0,0.0,0.0,0.0,0.0,0.0,0.0,0.0,0.0,0.0,0.0,0.0,0.0,0.0,0.0,0.0,0.0,0.0,0.0,0.0,0.0,0.0,0.0,0.0,0.0,0.0,0.0
E06,0.0,0.0,0.0,0.0,0.0,0.0,0.0,0.0,0.9739857795054255,-3.7722293485754714e-06,0.4915743861338469,0.00048146364949446316,-0.00018099030371125806,5.592183475820013e-06,0.9741156315453353,0.0,-3.2449736627580955e-07,0.20361851242612877,32823.81652607668,4.759370795817468,0.02052639280354112,0.004134557311207394,0.05905131863783728,0.020556835438077913,0.00015008584210377335,0.002850632499451466,0.004656463694043251,11.838676770221937,0,0.0,0.0,0,0,0.0,0.0,0,0,0.0,0.009185662909843757,0.0022743085126953866,0.003266191285012854,0.03696170693955512,0.008158190010068773,-0.1265095343884409,-0.06345477005314011,-0.03769161468942856,0.12145466654189617,0.0,0.0,0.0,0.0,0.0,0.0,0.0,0.0,0.0,0.0,0.0,0.0,0.0,0.0,0.0,0.0,0.0,0.0,0.0,0.0,0.0,0.0,0.0,0.0,0.0,0.0,0.0,0.0,0.0,0.0
E07,0.0,0.0,0.0,0.0,0.0,0.0,0.0,0.0,0.9749803542540331,-1.1060326345916608e-05,0.5414920368818106,0.00033528918692372173,-0.000852671041887052,3.207092500718243e-05,0.9669129063834135,0.0,-3.728780160964024e-18,0.21578641335503848,121956.06371411704,4.134542455103749,0.01767954986197468,0.010284225094297729,0.07587224192705752,0.029955345675303117,0.0010416457411230903,0.002313776637932831,0.003866315226501256,13.341236094320704,0,0.0,0.0,0,0,0.0,0.0,0,0,0.0,0.04609530083202247,0.001873494233206115,0.0030332239933890067,0.04126823473883875,0.04707640298250824,-0.19734106363826445,-0.12284019525217248,0.18022989713992993,0.15209052422982286,0.0,0.0,0.0,0.0,0.0,0.0,0.0,0.0,0.0,0.0,0.0,0.0,0.0,0.0,0.0,0.0,0.0,0.0,0.0,0.0,0.0,0.0,0.0,0.0,0.0,0.0,0.0,0.0,0.0,0.0
E08,0.0,0.0,0.0,0.0,0.0,0.0,0.0,0.0,0.9693842786155535,-6.7724880314197635e-06,0.5173781639591991,0.0,-0.00029469996860734363,6.764303795097805e-06,0.9726335693689155,0.0,-4.078215502371212e-07,0.20828049218712333,67824.22339561878,4.613023249616491,0.01119919853963279,0.01878629739323444,0.06965540503327683,0.0229331797905611,0.0036970820926780132,0.003029441098628329,0.005233005692566891,16.034831735039745,0,0.0,0.0,0,0,0.0,0.0,0,0,0.0,0.006034297460836256,0.002528031708801255,0.004125778753274902,0.03427642861254599,0.0054317461041578936,-0.16704852444761195,-0.16748901798824872,0.22166989231443254,0.17954857537851818,0.0,0.0,0.0,0.0,0.0,0.0,0.0,0.0,0.0,0.0,0.0,0.0,0.0,0.0,0.0,0.0,0.0,0.0,0.0,0.0,0.0,0.0,0.0,0.0,0.0,0.0,0.0,0.0,0.0,0.0
E09,0.0,0.0,0.0,0.0,0.0,0.0,0.0,0.0,0.9517670284914277,-1.3497001724443145e-06,0.5399740307920609,0.0,0.00017736138225012496,1.6726956228337752e-05,0.9783955094308282,0.0,0.0,0.20645949262167484,51047.0392760371,4.351114793386755,0.045222150578364304,0.010161041756670385,0.05980260962177336,0.01399469048924943,0.0019655954466776733,0.0026967240824324248,0.00466849840255477,12.736627841328342,0,0.0,0.0,0,0,0.0,0.0,0,0,0.0,0.008272965672466243,0.0022893983945255153,0.0037571741553324824,0.05389458260970811,0.018116829850389052,-0.04931513341726305,0.1181242775534948,0.2412419356213556,0.11684188936335428,0.0,0.0,0.0,0.0,0.0,0.0,0.0,0.0,0.0,0.0,0.0,0.0,0.0,0.0,0.0,0.0,0.0,0.0,0.0,0.0,0.0,0.0,0.0,0.0,0.0,0.0,0.0,0.0,0.0,0.0
E10,0.0,0.0,0.0,0.0,0.0,0.0,0.0,0.0,0.9539827169766814,6.808368066309684e-06,0.42108667529107374,0.0003234152652005175,-9.348801961652521e-05,6.09352691377873e-06,0.9716331624915394,0.0,0.0,0.18288703632737943,47298.40319215895,5.238959889994747,0.018084204321106103,0.014375797379060067,0.08478692736240362,0.020508936221345923,0.005119445126183091,0.0024343015493044308,0.0033550321187409385,7.524426088899996,0,0.0,0.0,0,0,0.0,0.0,0,0,0.0,0.005006590109778752,0.002353515693913644,0.002739403588902607,0.037619725775775846,0.004703329149079958,0.20450657508517991,0.21098002973860225,-0.004821980958822841,0.06543565986538268,0.0,0.0,0.0,0.0,0.0,0.0,0.0,0.0,0.0,0.0,0.0,0.0,0.0,0.0,0.0,0.0,0.0,0.0,0.0,0.0,0.0,0.0,0.0,0.0,0.0,0.0,0.0,0.0,0.0,0.0
E11,0.0,0.0,0.0,0.0,0.0,0.0,0.0,0.0,0.9779550198276185,-7.723807603669466e-06,0.5311147589911953,0.00014923145799134458,-0.000630260770276764,1.814043584357385e-05,0.9702183484774994,0.0,0.0,0.22509182983984816,68251.3735307267,4.037493397885022,0.00696555231863952,0.01005259755407671,0.05949459719509831,0.014171297778795753,0.002683907658620145,0.0022205863732363,0.0038697078334795835,14.873487527936739,0,0.0,0.0,0,0,0.0,0.0,0,0,0.0,0.0031401217872675,0.0015948978208771536,0.002616238809494763,0.0264903101997684,0.005097838890855072,-0.03618887889109088,0.019432368706796325,0.28242314652721706,0.34035941735603015,0.0,0.0,0.0,0.0,0.0,0.0,0.0,0.0,0.0,0.0,0.0,0.0,0.0,0.0,0.0,0.0,0.0,0.0,0.0,0.0,0.0,0.0,0.0,0.0,0.0,0.0,0.0,0.0,0.0,0.0
E12,0.0,0.0,0.0,0.0,0.0,0.0,0.0,0.0,0.9708776984865837,-4.196411669553564e-06,0.5286282306163022,0.0007952286282306163,-0.00016104264491457237,3.3418798845770857e-06,0.9791698489953282,0.0,-7.505540580519111e-06,0.21346561504333725,36471.033045683675,4.361668814645621,0.028975681751832377,0.010586152743732894,0.07007657980752648,0.027745799341947666,0.007249963114388947,0.003227610962180152,0.005571469810929559,16.157420476673842,0,0.0,0.0,0,0,0.0,0.0,0,0,0.0,0.007967613897142487,0.0018711058268162997,0.0029694705119285517,0.041637879129560004,0.005749426374311142,-0.009057434049057811,-0.13411347202006246,0.04625222854642837,0.043405066683841996,0.0,0.0,0.0,0.0,0.0,0.0,0.0,0.0,0.0,0.0,0.0,0.0,0.0,0.0,0.0,0.0,0.0,0.0,0.0,0.0,0.0,0.0,0.0,0.0,0.0,0.0,0.0,0.0,0.0,0.0
E13,0.0,0.0,0.0,0.0,0.0,0.0,0.0,0.0,0.9812374592901311,-2.7904498906691966e-07,0.5200404858299595,0.0016194331983805667,-0.0002458933670204703,6.255232176802509e-06,0.9778401954149709,0.0,-1.5685830799719642e-06,0.2134529834719706,40752.78418447371,4.290646282043996,0.0338086949100954,0.005038733438133379,0.061048653611279965,0.03305290329229837,0.006069844575440155,0.002577915383755891,0.004359012623555876,12.54155834197241,0,0.457911687535397,0.0,0,0,0.0,0.0,0,0,0.9987273285868705,0.0050634323860462484,0.0020091929861799267,0.0031397586465424614,0.03710576759148826,0.0072046212664772374,-0.09835403662903322,-0.03897099041875627,0.17924034476408218,0.03925157293973442,0.0,0.0,0.0,0.0,0.0,0.0,0.0,0.0,0.0,0.0,0.0,0.0,0.0,0.0,0.0,0.0,0.0,0.0,0.0,0.0,0.0,0.0,0.0,0.0,0.0,0.0,0.0,0.0,0.0,0.0
E14,0.0,0.0,0.0,0.0,0.0,0.0,0.0,0.0,0.977875233072959,-4.624356504961692e-06,0.5351482379265337,0.00037292560134253216,-0.0006434229223206948,2.1721665544729734e-05,0.9643868799942832,0.0,-2.3315119185549796e-05,0.21189130462004813,97267.24650650544,4.432912947701738,0.026265947916853643,0.0024884938305526167,0.07074873620586802,0.023526829716522864,0.002015678032325597,0.0031524706433402275,0.005283959741256429,16.846803118010175,0,0.0,0.0,0,0,0.0,0.0,0,0,0.0,0.008194622759860002,0.002565639780678292,0.004179011004595629,0.04463669388891691,0.0061212794242086,-0.1632654092931914,-0.11097224271887157,0.11688406876234674,-0.04726333178430217,0.0,0.0,0.0,0.0,0.0,0.0,0.0,0.0,0.0,0.0,0.0,0.0,0.0,0.0,0.0,0.0,0.0,0.0,0.0,0.0,0.0,0.0,0.0,0.0,0.0,0.0,0.0,0.0,0.0,0.0
E15,0.0,0.0,0.0,0.0,0.0,0.0,0.0,0.0,0.9734602864682449,-1.198043181778768e-05,0.5300373134328358,0.00018656716417910448,-0.00032030575314789475,4.849890847894681e-06,0.9779467068673272,0.0,-1.8067927524330258e-05,0.21515353016242067,39795.07380384157,4.379041948584494,0.013976614173021876,0.02655330650453136,0.06403405754421768,0.016857815803703328,0.014148261667074145,0.00217040134123237,0.003773663647716711,11.63118078766427,0,0.0,0.0,0,0,0.0,0.0,0,0,0.0,0.0030516462097825,0.0015352047395459031,0.002487925067881922,0.030135525870899574,0.004437962933946433,-0.3139205412686105,-0.10824516082140259,0.18951801264001547,0.22563691294930308,0.0,0.0,0.0,0.0,0.0,0.0,0.0,0.0,0.0,0.0,0.0,0.0,0.0,0.0,0.0,0.0,0.0,0.0,0.0,0.0,0.0,0.0,0.0,0.0,0.0,0.0,0.0,0.0,0.0,0.0
E16,0.0,0.0,0.0,0.0,0.0,0.0,0.0,0.0,0.9707764655320569,-6.473510318247068e-06,0.5320088300220751,0.0004415011037527594,-0.00014748206983104402,5.362226730780402e-06,0.983066824008184,0.0,-3.911082431422239e-06,0.2076745353007931,38449.47834198647,4.542893235508166,0.024294163834887125,0.006193910207448901,0.05410634713367376,0.01626910299784214,0.006597788351409871,0.00203263878282061,0.0034593976291899067,9.157037716606848,0,0.5131769000563232,0.0,0,0,0.0,0.0,0,0,0.998810331117774,0.004752762163018752,0.0019588987969467197,0.003082359796071033,0.02992863028903477,0.006275217046791711,-0.04279006420686117,-0.12069432165897442,0.19340162183524326,0.19147541299033266,0.0,0.0,0.0,0.0,0.0,0.0,0.0,0.0,0.0,0.0,0.0,0.0,0.0,0.0,0.0,0.0,0.0,0.0,0.0,0.0,0.0,0.0,0.0,0.0,0.0,0.0,0.0,0.0,0.0,0.0
E17,0.0,0.0,0.0,0.0,0.0,0.0,0.0,0.0,0.9797721343025505,-8.617665787999216e-06,0.5245597775718258,0.0003707136237256719,-0.0003654438915293957,6.449357907207474e-06,0.977218872244261,0.0,-2.4671728623537507e-05,0.22087105559344158,57063.06638719426,4.038136195511177,0.013533900222159258,0.005678455966044744,0.06226279169365887,0.014682981467000191,0.0019203056345280167,0.0018435304202318128,0.0032032496577450525,9.942159556310166,0,0.0,0.0,0,0,0.0,0.0,0,0,0.0,0.002421254180416254,0.0015160620655225946,0.0024425138897100824,0.02778994439411903,0.004101865369326063,-0.09578482349327062,-0.019863793258378466,0.0886644694418317,0.20285784148119565,0.0,0.0,0.0,0.0,0.0,0.0,0.0,0.0,0.0,0.0,0.0,0.0,0.0,0.0,0.0,0.0,0.0,0.0,0.0,0.0,0.0,0.0,0.0,0.0,0.0,0.0,0.0,0.0,0.0,0.0
E18,0.0,0.0,0.0,0.0,0.0,0.0,0.0,0.0,0.9821379236163975,-1.0539647745599468e-05,0.5210577864838394,0.0013712047012732615,-0.00036489716318799045,6.643085604409234e-06,0.9792517664472964,0.0,-1.4633041773607851e-05,0.21229243124980557,49798.426865241156,4.341739426844782,0.018232140563545777,0.007493366261214829,0.06007810741570621,0.017739573978672048,0.0012173574372385972,0.0024035959740522418,0.004221267293230834,12.267953851562641,0,0.0,0.0,0,0,0.0,0.0,0,0,0.0,0.005203793018745003,0.001920594597684112,0.0031078930731381063,0.02974794974491329,0.006870077405174678,-0.07836125547357944,-0.07860044509467673,0.11309852226593613,0.09187367684115662,0.0,0.0,0.0,0.0,0.0,0.0,0.0,0.0,0.0,0.0,0.0,0.0,0.0,0.0,0.0,0.0,0.0,0.0,0.0,0.0,0.0,0.0,0.0,0.0,0.0,0.0,0.0,0.0,0.0,0.0
E19,0.0,0.0,0.0,0.0,0.0,0.0,0.0,0.0,0.9766909348925992,-2.969563744005854e-06,0.5327640616298497,0.0005568962316688324,-0.00019426371423524185,4.144335323931802e-06,0.9845901310937425,0.0,-3.329395096952025e-07,0.21675477877706809,49622.992080494274,4.081027595997893,0.0029341034736861163,0.005460388470845748,0.05602167329201992,0.010657950994560505,0.0013790298510183957,0.001779683466428979,0.0031168088853630507,9.555120531257188,0,0.0,0.0,0,0,0.0,0.0,0,0,0.0,0.002690184867667498,0.0015191195358970253,0.002479860607575861,0.018671851741838236,0.006482230846041135,-0.13290868223797486,0.009637913947586075,0.08625610416190423,-0.0627649973502885,0.0,0.0,0.0,0.0,0.0,0.0,0.0,0.0,0.0,0.0,0.0,0.0,0.0,0.0,0.0,0.0,0.0,0.0,0.0,0.0,0.0,0.0,0.0,0.0,0.0,0.0,0.0,0.0,0.0,0.0
E20,0.0,0.0,0.0,0.0,0.0,0.0,0.0,0.0,0.9576866920718744,-5.4883582981640135e-06,0.5372054184449805,0.0,-7.357201653449395e-05,1.7855233521127364e-06,0.982826954587561,0.0,-7.554273266089978e-07,0.2093418346404926,78699.55549236195,4.263666138659653,0.04120412605902037,0.003657249255143584,0.05239014715226163,0.012365439585505998,0.0032780986577587755,0.002080949911634694,0.003536557693721819,11.21215812388773,0,0.0,0.0,0,0,0.0,0.0,0,0,0.0,0.0027693420525274973,0.001410403584693932,0.0022746840165896024,0.020158340154467613,0.005032129793277093,0.18323206670213793,-0.010437591214994596,0.003815540478160271,0.12379476515064577,0.0,0.0,0.0,0.0,0.0,0.0,0.0,0.0,0.0,0.0,0.0,0.0,0.0,0.0,0.0,0.0,0.0,0.0,0.0,0.0,0.0,0.0,0.0,0.0,0.0,0.0,0.0,0.0,0.0,0.0
E21,0.0,0.0,0.0,0.0,0.0,0.0,0.0,0.0,0.9816796930991363,-8.870128882228911e-06,0.499349321435211,0.00018590816136828406,-0.00024368653894870485,3.2431202759384425e-06,0.9799210137746078,0.0,-1.78631088809076e-05,0.251124427975334,18643.71745670541,3.2066156949566023,0.032302829489054455,0.025009980734642008,0.048555979719383385,0.009559825091095198,0.002978161098731915,0.0010784235607361713,0.001855211296328244,5.799761909639129,0,0.0,0.0,0,0,0.0,0.0,0,0,0.0,0.0013719121231562529,0.0008651608159974349,0.0014487606107741328,0.007909256750622264,0.005205439736640462,-0.23383674856261505,-0.18034521457225086,0.09195210438448707,0.03658327474039467,0.0,0.0,0.0,0.0,0.0,0.0,0.0,0.0,0.0,0.0,0.0,0.0,0.0,0.0,0.0,0.0,0.0,0.0,0.0,0.0,0.0,0.0,0.0,0.0,0.0,0.0,0.0,0.0,0.0,0.0
E22,0.0,0.0,0.0,0.0,0.0,0.0,0.0,0.0,0.9854164517937608,-1.4985660362597014e-05,0.530638852672751,0.001303780964797914,-0.00027061408108115624,5.094842256259078e-06,0.9776118035240707,0.0,-3.3166115403523302e-18,0.20942411485281373,68556.01648756179,4.603075522547438,0.005908403006442073,0.003796033489593719,0.06760023541938853,0.03114390478201824,0.0039104029971346165,0.0035974267515692464,0.0061383571257593375,19.303791948920576,0,0.0,0.0,0,0,0.0,0.0,0,0,0.0,0.011954991447842499,0.002489299817179778,0.004082678686729364,0.05475666184007621,0.006684217055060339,-0.06817265689110676,0.005622541104381927,0.01491572378801493,0.2165281047186031,0.0,0.0,0.0,0.0,0.0,0.0,0.0,0.0,0.0,0.0,0.0,0.0,0.0,0.0,0.0,0.0,0.0,0.0,0.0,0.0,0.0,0.0,0.0,0.0,0.0,0.0,0.0,0.0,0.0,0.0
E23,0.0,0.0,0.0,0.0,0.0,0.0,0.0,0.0,0.9638368010844688,-2.7062427025894105e-06,0.5403076923076923,0.0006153846153846154,-0.00022895719191326754,3.405643656696665e-06,0.983061891059664,0.0,-2.3415860277354343e-05,0.20992000837784472,34239.978603271156,4.415054954298677,0.029335605574471606,0.0024177695779080384,0.06032130278266673,0.01073580056415207,0.0020407739365250767,0.0022675646319844306,0.003954516752485081,11.052110016292115,0,0.46457587048159277,0.0,0,0,0.0,0.0,0,0,0.9991849666540161,0.0024209948140537516,0.0015240007683807464,0.0023846068888081964,0.01704785667805923,0.006313938984031633,-0.10174029299659708,-0.21427822094633459,0.13165600170490202,0.32678422071058993,0.0,0.0,0.0,0.0,0.0,0.0,0.0,0.0,0.0,0.0,0.0,0.0,0.0,0.0,0.0,0.0,0.0,0.0,0.0,0.0,0.0,0.0,0.0,0.0,0.0,0.0,0.0,0.0,0.0,0.0
E24,0.0,0.0,0.0,0.0,0.0,0.0,0.0,0.0,0.9676579824931711,1.0572118410874166e-06,0.5085126286248831,0.0,-0.0001730160676764579,9.501428002931649e-06,0.9740250472820439,0.0,-3.558317702629318e-05,0.2491953754574196,37535.676957330776,3.2374107545119175,0.03487912009690445,6.951184066175473e-06,0.056595365236526377,0.004262997164396314,0.012914750836543452,0.0018621419001534417,0.0032175724882626136,9.941975604919225,0,0.0,0.0,0,0,0.0,0.0,0,0,0.0,0.0011705428264450013,0.00110177143314191,0.0018075778780215236,0.007819768941086823,0.00586646755941613,0.018669101172407804,-0.11859207396232438,0.061823622506844735,0.059444323527843276,0.0,0.0,0.0,0.0,0.0,0.0,0.0,0.0,0.0,0.0,0.0,0.0,0.0,0.0,0.0,0.0,0.0,0.0,0.0,0.0,0.0,0.0,0.0,0.0,0.0,0.0,0.0,0.0,0.0,0.0
E25,0.0,0.0,0.0,0.0,0.0,0.0,0.0,0.0,0.968846498819052,-1.7871233066100137e-06,0.5443349753694581,0.001326259946949602,-0.00035157405646626667,1.2275718414876623e-05,0.9643213856376042,0.0,-7.409039280479818e-07,0.19264114670072185,56853.032898079924,5.402438568027956,0.03736070514940258,0.0075512195532466036,0.10314719350605908,0.04011802979564691,0.0054156374786353935,0.00500172133231497,0.008514033978477487,26.394083470626093,0,0.0,0.0,0,0,0.0,0.0,0,0,0.0,0.011828443654667486,0.0030455838877428017,0.004845696311248229,0.06382630319408009,0.008648421350440024,-0.14675556524080022,-0.08828314845060908,-0.09318074233027535,0.030188188301992127,0.0,0.0,0.0,0.0,0.0,0.0,0.0,0.0,0.0,0.0,0.0,0.0,0.0,0.0,0.0,0.0,0.0,0.0,0.0,0.0,0.0,0.0,0.0,0.0,0.0,0.0,0.0,0.0,0.0,0.0
E26,0.0,0.0,0.0,0.0,0.0,0.0,0.0,0.0,0.9661043364119222,-2.378066894632144e-05,0.5338064998132238,0.0007471049682480389,-0.001846576384801023,0.00014286004153726503,0.9413868824547895,0.0,-8.702261405852354e-18,0.22066922834830735,156768.68218896832,4.027003875340093,0.03615442493071348,0.019854475194238413,0.10865255150967318,0.03530664913088307,0.013241792778925439,0.007959887067682614,0.013516239152900893,42.45803761901906,0,0.0,0.0,0,0,0.0,0.0,0,0,0.0,0.01414440417857375,0.0030349418405674323,0.0049264618004268195,0.03442046746329737,0.022337036515190128,0.10289897145544698,0.07512673150214214,0.04326985681836588,-0.004560389747058869,0.0,0.0,0.0,0.0,0.0,0.0,0.0,0.0,0.0,0.0,0.0,0.0,0.0,0.0,0.0,0.0,0.0,0.0,0.0,0.0,0.0,0.0,0.0,0.0,0.0,0.0,0.0,0.0,0.0,0.0
E27,0.0,0.0,0.0,0.0,0.0,0.0,0.0,0.0,0.9832422808380739,-7.097552604896344e-06,0.4840289111681045,0.00023315458148752622,-0.0002406671717762418,3.074600050386457e-06,0.9819287257278418,0.0,-2.2792421590854466e-05,0.20357479350280966,24863.141542011057,4.731675443691277,0.01850090847179745,0.0064500622187922295,0.05871675053785963,0.02674566389805018,0.0023784590725930282,0.002445485389774093,0.0038399297402963253,10.48624135135131,0,0.0,0.0,0,0,0.0,0.0,0,0,0.0,0.0035662289257699935,0.0018993365924757479,0.0026738826040271146,0.0406637282952236,0.004490488491516666,-0.05727679255441725,-0.05080165809168382,0.2741139815431456,0.13040282834499714,0.0,0.0,0.0,0.0,0.0,0.0,0.0,0.0,0.0,0.0,0.0,0.0,0.0,0.0,0.0,0.0,0.0,0.0,0.0,0.0,0.0,0.0,0.0,0.0,0.0,0.0,0.0,0.0,0.0,0.0
E28,0.0,0.0,0.0,0.0,0.0,0.0,0.0,0.0,0.9799315146594367,2.1524086060416143e-06,0.515496639283047,0.0005601194921583271,-4.825122440575414e-05,1.1173465725203178e-06,0.9877364937559167,0.0,-6.3687626789391785e-06,0.22443049269431484,34810.44520580111,4.0448712641433975,0.014717926270551018,0.02547554154428914,0.04912732737885506,0.020954020814192197,0.0016575740013646241,0.0020260314228868655,0.003572065905006387,10.84534620671339,0,0.3463899057168712,0.0,0,0,0.0,0.0,0,0,0.9990528498026278,0.004313082582316247,0.0015531413184727396,0.002591943727261485,0.03797485811604958,0.004651856000491819,-0.24810034476643542,0.05705893432263884,-0.051671060674322165,0.0825826585623336,0.0,0.0,0.0,0.0,0.0,0.0,0.0,0.0,0.0,0.0,0.0,0.0,0.0,0.0,0.0,0.0,0.0,0.0,0.0,0.0,0.0,0.0,0.0,0.0,0.0,0.0,0.0,0.0,0.0,0.0
E29,0.0,0.0,0.0,0.0,0.0,0.0,0.0,0.0,0.9809565100991038,-8.042204865730507e-06,0.5118694362017804,0.000370919881305638,-0.0004975037376377498,1.3327784726384516e-05,0.9686359012704908,0.0,-2.846804093056109e-08,0.23138611321176975,33799.7043497083,3.7349363416204127,0.014706915930142367,0.0003462389145857085,0.0652391103064988,0.011086152879551664,0.017691166359796593,0.0016361630473315633,0.002890852543439326,8.820554988164458,0,0.0,0.0,0,0,0.0,0.0,0,0,0.0,0.0022381255734687487,0.0014578751172380827,0.0023926996021579007,0.015420164447596306,0.004431494210221385,-0.11527503029406297,-0.16114038984515336,0.06484408551087947,0.15762392111247042,0.0,0.0,0.0,0.0,0.0,0.0,0.0,0.0,0.0,0.0,0.0,0.0,0.0,0.0,0.0,0.0,0.0,0.0,0.0,0.0,0.0,0.0,0.0,0.0,0.0,0.0,0.0,0.0,0.0,0.0
E30,0.0,0.0,0.0,0.0,0.0,0.0,0.0,0.0,0.9756376090298003,-4.1821236988912366e-06,0.5114297589359933,0.0,-5.7816152554823554e-05,2.6510387893923576e-06,0.9775140479921294,0.0,-1.2948260997875905e-06,0.22088599245072785,24159.3838062002,4.101505318550713,0.027930989083906697,0.004787756131536784,0.0497624043259067,0.018720516815809017,0.0012509360495245446,0.002275438803901068,0.0037532505691904973,10.944860646764138,0,0.0,0.0,0,0,0.0,0.0,0,0,0.0,0.0039493839254112475,0.0015887310689046538,0.002457312851832605,0.030314409032337602,0.005278664546397105,0.048813509351532315,0.015243857135105699,-0.058004956633785486,0.06981395948564621,0.0,0.0,0.0,0.0,0.0,0.0,0.0,0.0,0.0,0.0,0.0,0.0,0.0,0.0,0.0,0.0,0.0,0.0,0.0,0.0,0.0,0.0,0.0,0.0,0.0,0.0,0.0,0.0,0.0,0.0
E31,0.0,0.0,0.0,0.0,0.0,0.0,0.0,0.0,0.9817784619514613,-7.381738540448648e-06,0.5328467153284672,0.0,-0.0004971160667826708,1.3691211866903707e-05,0.9730620492041298,0.0,-2.401267394174571e-08,0.20656614609629448,43290.97197706539,4.6478096463633065,0.009757733509085336,0.008719619458412422,0.06830953864951887,0.028817030591509137,0.0032045690521503496,0.0031116052950450534,0.005300015506577195,16.19279395541446,0,0.0,0.0,0,0,0.0,0.0,0,0,0.0,0.012176758939597479,0.002584952259017581,0.0041884233609741535,0.048680516358539566,0.009676210207281188,-0.15501346485706569,-0.04580738842967138,0.16016127952775472,0.2212044392684841,0.0,0.0,0.0,0.0,0.0,0.0,0.0,0.0,0.0,0.0,0.0,0.0,0.0,0.0,0.0,0.0,0.0,0.0,0.0,0.0,0.0,0.0,0.0,0.0,0.0,0.0,0.0,0.0,0.0,0.0
E32,0.0,0.0,0.0,0.0,0.0,0.0,0.0,0.0,0.9872136456132354,-3.087727869188664e-06,0.5114248560282371,0.0024150102173509194,-0.000227173861978495,6.305386884712906e-06,0.9820012055204121,0.0,-4.195652020715937e-18,0.22004110045022368,54192.69146263315,4.218208481020937,0.020965062222204584,0.007494366459392494,0.06606369404390924,0.032214211714629966,0.0021654316082480507,0.0028030533795230855,0.004859553730093218,15.086033288593246,0,0.0,0.0,0,0,0.0,0.0,0,0,0.0,0.00529527493733126,0.001813160133604347,0.0029843509373897394,0.053509329140742,0.004608959098615213,-0.11110809298815465,-0.14145765421191328,0.20592868943417286,0.20714443372443345,0.0,0.0,0.0,0.0,0.0,0.0,0.0,0.0,0.0,0.0,0.0,0.0,0.0,0.0,0.0,0.0,0.0,0.0,0.0,0.0,0.0,0.0,0.0,0.0,0.0,0.0,0.0,0.0,0.0,0.0
E33,0.0,0.0,0.0,0.0,0.0,0.0,0.0,0.0,0.9809298007352716,-5.005832452820868e-06,0.525706940874036,0.0007344840249724568,-0.0005791421353980149,2.4873259503058338e-05,0.9634711423067609,0.0,-4.442752634088946e-06,0.218687907048271,56080.1368614077,4.303053966476315,0.028245775269779803,0.018076787877435448,0.0752994184616843,0.031087012710649706,0.004249598786944442,0.002982111727561229,0.005156670891110784,16.237598356570892,0,0.0,0.0,0,0,0.0,0.0,0,0,0.0,0.02877900524880249,0.002396082303045623,0.003948285607654039,0.05195043192211407,0.014892993606944897,-0.0030460936919723598,0.09707246091815232,0.18407077789448303,0.1545351596597525,0.0,0.0,0.0,0.0,0.0,0.0,0.0,0.0,0.0,0.0,0.0,0.0,0.0,0.0,0.0,0.0,0.0,0.0,0.0,0.0,0.0,0.0,0.0,0.0,0.0,0.0,0.0,0.0,0.0,0.0
E34,0.0,0.0,0.0,0.0,0.0,0.0,0.0,0.0,0.9745328327519194,-1.7816757594632219e-06,0.48949682462139715,0.0,-0.0011140334427078911,8.91037631388367e-05,0.9235328944002633,0.0,-1.9754440897835846e-06,0.19042586811899484,86624.09713177895,5.475444356161136,0.03631311018332033,0.010865000364994269,0.1363650152587559,0.057342603467308365,0.011238049386348183,0.008513108056813823,0.013693943748345806,34.84415127653898,0,0.0,0.0,0,0,0.0,0.0,0,0,0.0,0.03514271569099126,0.004814898529747277,0.006613159835231053,0.09971379518510665,0.013723933597632538,-0.11041753990220883,0.035992562501721254,0.14088905539793792,-0.025773126689523744,0.0,0.0,0.0,0.0,0.0,0.0,0.0,0.0,0.0,0.0,0.0,0.0,0.0,0.0,0.0,0.0,0.0,0.0,0.0,0.0,0.0,0.0,0.0,0.0,0.0,0.0,0.0,0.0,0.0,0.0
E35,0.0,0.0,0.0,0.0,0.0,0.0,0.0,0.0,0.9819925425708317,4.774038027725768e-06,0.5422385462980862,0.00019331142470520006,-0.0011880734893072692,6.426620516800169e-05,0.930853478987556,0.0,-1.8403018488314578e-05,0.20472757077965603,129507.71111386557,4.552015480282122,0.015379201114847372,0.005875867196987908,0.14165574381227727,0.042094768798036315,0.007534830546867002,0.004656545912570561,0.008187334583752749,24.078998913902367,0,0.0,0.0,0,0,0.0,0.0,0,0,0.0,0.025125962202449992,0.0036153760590161028,0.005892700448934413,0.07146358952095894,0.013228968743074082,-0.059940479585993044,-0.04390086806477978,0.01392583246921458,-0.04246219256373069,0.0,0.0,0.0,0.0,0.0,0.0,0.0,0.0,0.0,0.0,0.0,0.0,0.0,0.0,0.0,0.0,0.0,0.0,0.0,0.0,0.0,0.0,0.0,0.0,0.0,0.0,0.0,0.0,0.0,0.0
E36,0.0,0.0,0.0,0.0,0.0,0.0,0.0,0.0,0.9873078276060886,-1.1515599200889997e-07,0.52225993212218,0.0017967658215212617,-0.001425782368368726,8.006546726200602e-05,0.9349153072010501,0.0,-2.12310871969759e-06,0.20217132983401725,118551.1981579006,5.067870483215813,0.014411042979206399,0.00997796251677213,0.14529815769101426,0.06302179377688995,0.009236772785448448,0.005841055795026405,0.010057375452127378,29.205278975132025,0,0.0,0.0,0,0,0.0,0.0,0,0,0.0,0.030595936387886248,0.004314344238388175,0.007109202359393933,0.11178394966273732,0.011773911552159955,0.03051683717531149,0.02340654152321425,0.3344354300385944,0.35609094147671083,0.0,0.0,0.0,0.0,0.0,0.0,0.0,0.0,0.0,0.0,0.0,0.0,0.0,0.0,0.0,0.0,0.0,0.0,0.0,0.0,0.0,0.0,0.0,0.0,0.0,0.0,0.0,0.0,0.0,0.0
E37,0.0,0.0,0.0,0.0,0.0,0.0,0.0,0.0,0.9871180417835896,-1.081568922095114e-05,0.5254300673148841,0.0013089005235602095,-0.0009768805800655731,6.493878438311829e-05,0.9390031980930345,0.0,-4.597776631965673e-07,0.19981282261699781,135709.01685733552,5.062630883750474,0.02954696165870335,0.018407524530724313,0.10781109126930045,0.047764913792531144,0.006302941911520323,0.004278151121171107,0.007399733132381551,22.72981690678209,0,0.0,0.0,0,0,0.0,0.0,0,0,0.0,0.02354387593032374,0.003416052291941435,0.005613228228130386,0.07975934953914457,0.009210113896508183,0.01398081232805177,0.08834462856133787,0.25113036135780187,0.19254240870946515,0.0,0.0,0.0,0.0,0.0,0.0,0.0,0.0,0.0,0.0,0.0,0.0,0.0,0.0,0.0,0.0,0.0,0.0,0.0,0.0,0.0,0.0,0.0,0.0,0.0,0.0,0.0,0.0,0.0,0.0
E38,0.0,0.0,0.0,0.0,0.0,0.0,0.0,0.0,0.9657205481038504,-1.229999463846222e-05,0.5346901017576319,0.0,-0.0007101352129318179,2.4961288333650017e-05,0.9468258112121695,0.0,-9.768153923863346e-06,0.21196097664030902,116848.39471161115,4.234501773317286,0.03281417493251686,0.012800618936953433,0.10743808882106692,0.022958986819519394,0.018885420054634765,0.00274730441863138,0.004712606663861922,14.577197245258102,0,0.0,0.0,0,0,0.0,0.0,0,0,0.0,0.020404356579892514,0.0023883358208643666,0.00386868373934148,0.04765575383321218,0.00885303900884971,-0.14923333927698562,-0.1496527054711918,-0.008109778671837757,0.07308896327190399,0.0,0.0,0.0,0.0,0.0,0.0,0.0,0.0,0.0,0.0,0.0,0.0,0.0,0.0,0.0,0.0,0.0,0.0,0.0,0.0,0.0,0.0,0.0,0.0,0.0,0.0,0.0,0.0,0.0,0.0
E39,0.0,0.0,0.0,0.0,0.0,0.0,0.0,0.0,0.986776564081347,-2.29040370536374e-05,0.5393984129913268,0.0011072153533862336,-0.0006510515890616749,5.177727192896482e-05,0.94472545325424,0.0,-5.1507741485521664e-05,0.2072118749244603,119332.88259677817,4.615698132195925,0.01734197437198017,0.0038779399079102205,0.1025151352924637,0.04772781955655527,0.0028985269793466734,0.0046904686633090584,0.008217128120643643,25.412959217808478,0,0.0,0.0,0,0,0.0,0.0,0,0,0.0,0.01650981996960377,0.003239709755085275,0.005277966302004654,0.08363482959847353,0.007271264803521856,-0.028439273435844445,0.10902402378644266,0.006938865894150471,-0.20076974033332914,0.0,0.0,0.0,0.0,0.0,0.0,0.0,0.0,0.0,0.0,0.0,0.0,0.0,0.0,0.0,0.0,0.0,0.0,0.0,0.0,0.0,0.0,0.0,0.0,0.0,0.0,0.0,0.0,0.0,0.0
E40,0.0,0.0,0.0,0.0,0.0,0.0,0.0,0.0,0.9846473062110626,5.520732690774464e-06,0.531997774067891,0.0014839547393804488,-0.0006606977874706288,2.8375189103427577e-05,0.9603750533884208,0.0,-1.5022904041475364e-05,0.2027624995314083,98579.5683283093,4.880438763754102,0.038600859135235234,0.00537719843626588,0.09156078373394108,0.04273972023891583,0.014333441500560899,0.004025986528332156,0.006996515767921126,21.700067387710323,0,0.0,0.0,0,0,0.0,0.0,0,0,0.0,0.014985840463954972,0.00329455767616818,0.005428231908016987,0.07511697628106269,0.009555870438031836,-0.1242320948165683,0.0075483697588887115,0.17428721818186874,0.14966249658534975,0.0,0.0,0.0,0.0,0.0,0.0,0.0,0.0,0.0,0.0,0.0,0.0,0.0,0.0,0.0,0.0,0.0,0.0,0.0,0.0,0.0,0.0,0.0,0.0,0.0,0.0,0.0,0.0,0.0,0.0
E41,0.0,0.0,0.0,0.0,0.0,0.0,0.0,0.0,0.9812092303729625,-3.2022309068300065e-07,0.5216502508827355,0.00037167812674224123,-0.0009728826945347432,4.4056788086750663e-05,0.9494647023110757,0.0,-3.76257314927675e-05,0.2118084567567097,78526.08319646797,4.56999102657653,0.03309814898773881,0.015329373146698648,0.0968359318463176,0.03915553513198297,0.02476903802835303,0.0034196526022585226,0.005859204865815947,18.086542613345326,0,0.0,0.0,0,0,0.0,0.0,0,0,0.0,0.016581640891497492,0.002825246976671353,0.0045890858150201465,0.0609660940779998,0.011066069390597748,-0.15432272379758574,-0.03474257443819739,0.058776187062168944,0.18596502732167644,0.0,0.0,0.0,0.0,0.0,0.0,0.0,0.0,0.0,0.0,0.0,0.0,0.0,0.0,0.0,0.0,0.0,0.0,0.0,0.0,0.0,0.0,0.0,0.0,0.0,0.0,0.0,0.0,0.0,0.0
E42,0.0,0.0,0.0,0.0,0.0,0.0,0.0,0.0,0.980774919465665,-2.766032907626159e-06,0.5073529411764706,0.0,-0.0002490615988510011,1.2594090721164442e-05,0.9572958322373416,0.0,-2.056029637816973e-06,0.21464957498118226,29186.335220532026,4.345259765800276,0.026144045489748764,0.004884196966687175,0.07575290993978899,0.019370131422697567,0.020572534034726954,0.0021464256912447285,0.0036615560317089183,10.79866765265223,0,0.0,0.0,0,0,0.0,0.0,0,0,0.0,0.003269841275457498,0.0015270129665807654,0.002411513224232618,0.027973388775518977,0.004688273085522031,-0.05164262348292023,-0.01020423116054715,0.08376866048086326,-0.02402872607608706,0.0,0.0,0.0,0.0,0.0,0.0,0.0,0.0,0.0,0.0,0.0,0.0,0.0,0.0,0.0,0.0,0.0,0.0,0.0,0.0,0.0,0.0,0.0,0.0,0.0,0.0,0.0,0.0,0.0,0.0
E43,0.0,0.0,0.0,0.0,0.0,0.0,0.0,0.0,0.9697747822995477,-7.745639054521669e-07,0.48449931412894376,0.0,-0.00024250044879008703,3.835469255203904e-05,0.935302191169419,0.0,0.0,0.17642724241670574,75193.58274005886,6.1140260289811765,0.014257841336965853,0.004689574773142575,0.12870794058662213,0.060363391735216,0.025471997897691476,0.012330248162461399,0.020121764738215555,44.43821437751088,0,0.0,0.0,0,0,0.0,0.0,0,0,0.0,0.05761434555404889,0.006014807837281524,0.00720626743072981,0.09189930256622379,0.02275371342722152,0.07020556977566673,0.06797987284985124,0.022740556884650345,0.020345644008351475,0.0,0.0,0.0,0.0,0.0,0.0,0.0,0.0,0.0,0.0,0.0,0.0,0.0,0.0,0.0,0.0,0.0,0.0,0.0,0.0,0.0,0.0,0.0,0.0,0.0,0.0,0.0,0.0,0.0,0.0
E44,0.0,0.0,0.0,0.0,0.0,0.0,0.0,0.0,0.985720526682605,1.2919698480425545e-05,0.5140280561122245,0.0012024048096192384,-0.0006617350805925794,2.8123202914221607e-05,0.9512497036001221,0.0,-9.592688704132352e-06,0.19759158915471542,59488.41005783835,5.16528205485832,0.030770539695684794,0.011380568897931806,0.10612835654484412,0.048189734524828005,0.028404177088766348,0.004588598978889804,0.00778143544181146,22.62179296592673,0,0.6251774564006496,0.0,0,0,0.0,0.0,0,0,0.9991006285571264,0.015301494872373755,0.003022723217530226,0.004889398958789231,0.08899714294063088,0.008400106903595982,-0.19511645245874665,-0.08986210531233974,0.14715847197974277,0.12080265043101,0.0,0.0,0.0,0.0,0.0,0.0,0.0,0.0,0.0,0.0,0.0,0.0,0.0,0.0,0.0,0.0,0.0,0.0,0.0,0.0,0.0,0.0,0.0,0.0,0.0,0.0,0.0,0.0,0.0,0.0
E45,0.0,0.0,0.0,0.0,0.0,0.0,0.0,0.0,0.9656272707116405,2.4387174699614974e-06,0.5364895209580839,0.00018712574850299402,-0.0007930207687562022,2.901862188338252e-05,0.9441225646267511,0.0,-4.181198956144649e-07,0.21492127667442792,110039.33048068444,4.207514752458642,0.010233227725413987,0.004743784268988916,0.09423011178986378,0.029595481109412652,0.01906586943965574,0.004378439643388535,0.007455669703034332,23.385246135338164,0,0.0,0.0,0,0,0.0,0.0,0,0,0.0,0.008399508979991248,0.0025213907216654653,0.004107016786307121,0.04278132171023214,0.009090386403532788,-0.060439006036803175,-0.09501744433456166,0.14385501803439465,0.03871673399816597,0.0,0.0,0.0,0.0,0.0,0.0,0.0,0.0,0.0,0.0,0.0,0.0,0.0,0.0,0.0,0.0,0.0,0.0,0.0,0.0,0.0,0.0,0.0,0.0,0.0,0.0,0.0,0.0,0.0,0.0
E46,0.0,0.0,0.0,0.0,0.0,0.0,0.0,0.0,0.9780563266384141,-7.254002977620817e-06,0.505133040016761,0.0004190236748376283,-0.00036769802120380685,1.4527330410018737e-05,0.9530612269715769,0.0,-2.009328061853992e-06,0.20428364143734468,89129.17696271828,4.71215887336996,0.0018338104153728658,0.015961133176604813,0.1075144326579982,0.03761711016433401,0.015766484769916166,0.003738172076440722,0.0063263001378760075,17.82360446046936,0,0.0,0.0,0,0,0.0,0.0,0,0,0.0,0.01149054769234375,0.003006437850731955,0.0046234518896515146,0.056852984670672076,0.008630269480705957,0.019093224497065426,-0.1185050065587465,0.03676556762948051,0.12584498392184656,0.0,0.0,0.0,0.0,0.0,0.0,0.0,0.0,0.0,0.0,0.0,0.0,0.0,0.0,0.0,0.0,0.0,0.0,0.0,0.0,0.0,0.0,0.0,0.0,0.0,0.0,0.0,0.0,0.0,0.0
E47,0.0,0.0,0.0,0.0,0.0,0.0,0.0,0.0,0.9757085698540565,-3.450663357859754e-06,0.49966762685575006,0.0,0.0002820316127541557,1.1852577274814655e-05,0.9683700613475427,0.0,-1.4558928115817084e-05,0.20324728487712168,39567.433349605235,4.774799779944323,0.027956900504736162,0.0012812431100585333,0.07779867722438037,0.028517465765404534,0.0064079126975950165,0.003184768528723092,0.00524336735930082,14.34738222189753,0,0.7704895871847793,0.0,0,0,0.0,0.0,0,0,0.9986576430331086,0.01744678835272749,0.002865371174090846,0.0042861064197661424,0.055515536704300324,0.017155742299909824,0.15708404196982867,-0.062094635755128184,0.09549917075820452,0.12088765417648256,0.0,0.0,0.0,0.0,0.0,0.0,0.0,0.0,0.0,0.0,0.0,0.0,0.0,0.0,0.0,0.0,0.0,0.0,0.0,0.0,0.0,0.0,0.0,0.0,0.0,0.0,0.0,0.0,0.0,0.0
E48,0.0,0.0,0.0,0.0,0.0,0.0,0.0,0.0,0.9834984891454026,9.16516354743038e-06,0.5158361912447045,0.00040346984062941297,-0.0012532872687172395,6.330317661514772e-05,0.9438218389586372,0.0,-1.1963576087672132e-17,0.20656663999865393,85524.7237110718,4.639149137707823,0.017397566540083457,0.0036126876722080807,0.08884582365627787,0.04348844029622235,0.006554825826824096,0.004634342927178237,0.007908925358645734,22.787064172935388,0,0.0,0.0,0,0,0.0,0.0,0,0,0.0,0.015044879136867506,0.0029642049420456006,0.004710906032098021,0.06473826278213363,0.007435629793729734,0.0888282700884306,-0.06392801867238816,0.11340493281531476,-0.08582636698068181,0.0,0.0,0.0,0.0,0.0,0.0,0.0,0.0,0.0,0.0,0.0,0.0,0.0,0.0,0.0,0.0,0.0,0.0,0.0,0.0,0.0,0.0,0.0,0.0,0.0,0.0,0.0,0.0,0.0,0.0
E49,0.0,0.0,0.0,0.0,0.0,0.0,0.0,0.0,0.9879164446321743,1.0631156077340983e-05,0.531951640759931,0.00019190174630589137,-0.001213498163141745,7.338467179643436e-05,0.9352465939744518,0.0,-1.3863215007776297e-05,0.20601248637097894,65224.26198645706,4.71333096975918,0.02255437752782805,0.009130223503269598,0.08772231380757411,0.03657684878858848,0.0033898706641993437,0.003955602722284573,0.00687014326535893,20.553311744990644,0,0.0,0.0,0,0,0.0,0.0,0,0,0.0,0.019221063628521246,0.0027664766158492205,0.004387208695553824,0.06201735779476906,0.011131898775164453,0.1652105298051256,0.20540629963779736,0.19942701835034607,0.06981210075515394,0.0,0.0,0.0,0.0,0.0,0.0,0.0,0.0,0.0,0.0,0.0,0.0,0.0,0.0,0.0,0.0,0.0,0.0,0.0,0.0,0.0,0.0,0.0,0.0,0.0,0.0,0.0,0.0,0.0,0.0
E50,0.0,0.0,0.0,0.0,0.0,0.0,0.0,0.0,0.980374099232075,1.2110539293515155e-06,0.5428518655338013,0.0001847063169560399,-0.0002863174985600023,2.4778092771999398e-05,0.9351510543987328,0.0,-8.132956307186746e-07,0.20545716230863276,98109.02652296133,4.686101276154206,0.007969289042547184,0.030571079938167985,0.08328897647476348,0.034070045594781766,0.0016788366686488745,0.007068385459779539,0.012043796360415781,37.85827252257921,0,0.0,0.0,0,0,0.0,0.0,0,0,0.0,0.012091996608360016,0.0029018970989411314,0.004727531865660474,0.04847553143146149,0.010051841819022623,0.0042169876176342755,-0.14949898118702565,0.04735930361374341,-0.18873131460606157,0.0,0.0,0.0,0.0,0.0,0.0,0.0,0.0,0.0,0.0,0.0,0.0,0.0,0.0,0.0,0.0,0.0,0.0,0.0,0.0,0.0,0.0,0.0,0.0,0.0,0.0,0.0,0.0,0.0,0.0
E51,0.0,0.0,0.0,0.0,0.0,0.0,0.0,0.0,0.9857128815919062,-1.5511307469293178e-05,0.5371885105573521,0.0005706676811869887,-0.0004157987430511878,1.6447534713651632e-05,0.9651809761740516,0.0,-7.113170894765856e-06,0.21775389436780632,68730.58701518549,4.22716696037652,0.053378351678197135,0.015608408251575938,0.08398672294240354,0.03731482137456282,0.008301839449182377,0.0031004907846603562,0.005289961726459983,16.29617956417483,0,0.5632671866750866,0.0,0,0,0.0,0.0,0,0,0.9995029995586282,0.01042422706734626,0.002019038552185561,0.0032717323627436175,0.0396708066586464,0.010435161662626546,-0.08965118732721687,-0.03719716828507172,0.12258781987230075,-0.010119350157955566,0.0,0.0,0.0,0.0,0.0,0.0,0.0,0.0,0.0,0.0,0.0,0.0,0.0,0.0,0.0,0.0,0.0,0.0,0.0,0.0,0.0,0.0,0.0,0.0,0.0,0.0,0.0,0.0,0.0,0.0
E52,0.0,0.0,0.0,0.0,0.0,0.0,0.0,0.0,0.9899421452705948,-8.002239568950505e-06,0.5353553809610817,0.0003654302941713868,-0.0007788018773947008,2.955988422642921e-05,0.9557878186719866,0.0,0.0,0.21348265487159318,134728.73016059076,4.336396757117507,0.019950488428835834,0.013052564533337585,0.07430455330273485,0.041181542879391776,0.0016429023860230225,0.0030863836211785247,0.00532246705236285,16.666471554364033,0,0.0,0.0,0,0,0.0,0.0,0,0,0.0,0.02163589794398627,0.0029442415260268395,0.004846138244373259,0.07999275513199859,0.008482771501052307,0.05736532916204092,-0.0444962325976695,0.13861534071359335,0.05160612668757493,0.0,0.0,0.0,0.0,0.0,0.0,0.0,0.0,0.0,0.0,0.0,0.0,0.0,0.0,0.0,0.0,0.0,0.0,0.0,0.0,0.0,0.0,0.0,0.0,0.0,0.0,0.0,0.0,0.0,0.0
E53,0.0,0.0,0.0,0.0,0.0,0.0,0.0,0.0,0.9799010345087745,-1.512958245155722e-05,0.5504798464491363,0.0005758157389635317,-0.0011088036327889733,7.835915398559997e-05,0.9259776274080874,0.0,-6.779154325802082e-08,0.19942911138051636,166406.2618059488,4.819830452133443,0.027414190112823627,0.016287445886695673,0.1122904421897961,0.040775536568254174,0.016707082599305048,0.00912803356236632,0.015409759829073671,45.831856516641295,0,0.0,0.0,0,0,0.0,0.0,0,0,0.0,0.016254201865848774,0.0037789063177948775,0.0061340188944195035,0.0652672105346446,0.008698745284413324,-0.09671481663735401,-0.11659541944340221,0.0453929005689893,0.0545818405649892,0.0,0.0,0.0,0.0,0.0,0.0,0.0,0.0,0.0,0.0,0.0,0.0,0.0,0.0,0.0,0.0,0.0,0.0,0.0,0.0,0.0,0.0,0.0,0.0,0.0,0.0,0.0,0.0,0.0,0.0
E54,0.0,0.0,0.0,0.0,0.0,0.0,0.0,0.0,0.9854937469876827,6.050563955283276e-06,0.5253913707521954,0.0,-0.00045433564590974344,1.7561719626080703e-05,0.9531111913397048,0.0,-4.31885788410413e-07,0.20577663742460942,72630.014631685,4.823414005670233,0.019295932492257736,0.01660173623971037,0.10969830754598975,0.03980690822368129,0.007393420716420777,0.003291018752683168,0.005763306789948382,17.225192151543702,0,0.0,0.0,0,0,0.0,0.0,0,0,0.0,0.015309176012689997,0.0026346460589226654,0.004180662383717196,0.06726300780663218,0.00918460017524332,-0.010328739865183068,0.07810289316543144,-0.047259466414499164,-0.08735175847404432,0.0,0.0,0.0,0.0,0.0,0.0,0.0,0.0,0.0,0.0,0.0,0.0,0.0,0.0,0.0,0.0,0.0,0.0,0.0,0.0,0.0,0.0,0.0,0.0,0.0,0.0,0.0,0.0,0.0,0.0
E55,0.0,0.0,0.0,0.0,0.0,0.0,0.0,0.0,0.9885235107861424,1.8352264747340356e-05,0.5069252077562327,0.0007386888273314866,-0.0007296890812857411,5.4821612562343964e-05,0.9454294412696426,0.0,-7.47861391724515e-06,0.19845396414094343,93800.82633424285,4.877748872080846,0.023513728399851917,0.01600217803951525,0.07960997218320424,0.025955982324160545,0.002461658321132296,0.0028688176724964956,0.004938196744674607,15.531778878896027,0,0.0,0.0,0,0,0.0,0.0,0,0,0.0,0.016623304427744977,0.0026898134673266696,0.004367736770777183,0.06690813960657381,0.009854651774287832,-0.1512814044006337,-0.09446479332484685,0.009810600097976999,-0.1451939136497837,0.0,0.0,0.0,0.0,0.0,0.0,0.0,0.0,0.0,0.0,0.0,0.0,0.0,0.0,0.0,0.0,0.0,0.0,0.0,0.0,0.0,0.0,0.0,0.0,0.0,0.0,0.0,0.0,0.0,0.0
E56,0.0,0.0,0.0,0.0,0.0,0.0,0.0,0.0,0.9902685373909562,-2.1757139523129475e-05,0.5226066263957533,0.0005491488193300384,-0.0009725769582660335,4.066896135849039e-05,0.9534966823154032,0.0,-1.9932249144545643e-05,0.22399645468400456,91313.87894784872,4.010833213789368,0.0171371995477543,0.015514021619943526,0.07124609096462929,0.027478203439325322,0.005242278750696114,0.0026382066959454702,0.004497448388390454,14.407246766558213,0,0.0,0.0,0,0,0.0,0.0,0,0,0.0,0.009381787235023755,0.002093974886239046,0.0033856340185282412,0.06375069330364479,0.005695177412566421,-0.10862890381660428,-0.07674344838610142,0.020692353009351246,-0.15895247063350268,0.0,0.0,0.0,0.0,0.0,0.0,0.0,0.0,0.0,0.0,0.0,0.0,0.0,0.0,0.0,0.0,0.0,0.0,0.0,0.0,0.0,0.0,0.0,0.0,0.0,0.0,0.0,0.0,0.0,0.0
E57,0.0,0.0,0.0,0.0,0.0,0.0,0.0,0.0,0.9746497629734056,-5.999267931639805e-06,0.5268634127884979,0.0007567158531971245,-0.0007306397260313085,4.0602437954890244e-05,0.9453658126013188,0.0,-1.196556753482706e-06,0.21378249079489514,147999.0628098031,4.245884937885058,0.0019736948448363534,0.022002694008074038,0.09550905784102089,0.03404867635020503,0.007234410456284688,0.003932765807320795,0.006929920267542361,20.7846672916904,0,0.0,0.0,0,0,0.0,0.0,0,0,0.0,0.011489887641337503,0.0028954197840017184,0.004675793023041536,0.055135713314989135,0.007459353708215204,-0.11495754581410975,-0.3002739537078241,0.14644054930902028,0.10591233450626542,0.0,0.0,0.0,0.0,0.0,0.0,0.0,0.0,0.0,0.0,0.0,0.0,0.0,0.0,0.0,0.0,0.0,0.0,0.0,0.0,0.0,0.0,0.0,0.0,0.0,0.0,0.0,0.0,0.0,0.0
E58,0.0,0.0,0.0,0.0,0.0,0.0,0.0,0.0,0.9806399051169534,-8.967861785068768e-06,0.5113500597371565,0.00019912385503783353,-0.0005643974279772204,1.262600220216475e-05,0.9698209232942611,0.0,-1.202535900251286e-07,0.21818543720568484,98391.73155311392,4.23009350495558,0.00546308340077765,0.0052812795464895115,0.086069763284298,0.039263956463378734,0.0048836589766280995,0.0026989177969205928,0.0044636249477610565,13.105944821846398,0,0.0,0.0,0,0,0.0,0.0,0,0,0.0,0.009472189832921241,0.002575834037957024,0.004130344246365914,0.06073283625678013,0.006107408223460786,0.060130198881490446,0.0010672642937881234,0.085605768858298,0.10000757083982108,0.0,0.0,0.0,0.0,0.0,0.0,0.0,0.0,0.0,0.0,0.0,0.0,0.0,0.0,0.0,0.0,0.0,0.0,0.0,0.0,0.0,0.0,0.0,0.0,0.0,0.0,0.0,0.0,0.0,0.0
E59,0.0,0.0,0.0,0.0,0.0,0.0,0.0,0.0,0.9623067316440371,-6.434243905943601e-06,0.5240906494001143,0.00019043991620643687,-0.0003854946876980541,6.637253973792122e-06,0.9741342914613886,0.0,-1.774857082715868e-05,0.21885636435381206,67223.90016473945,4.060328104519015,0.01087572373350104,0.0026477524579367508,0.06479210793044203,0.02007684077187924,0.004974916674679015,0.0022084957765465996,0.003771674343121073,11.594602826869648,0,0.0,0.0,0,0,0.0,0.0,0,0,0.0,0.006201942531143757,0.0020377622125266255,0.0033444192485985566,0.025604224773738284,0.006870562596844787,-0.11034865357361616,0.08520173854231208,0.03787229519269369,0.035341463924035074,0.0,0.0,0.0,0.0,0.0,0.0,0.0,0.0,0.0,0.0,0.0,0.0,0.0,0.0,0.0,0.0,0.0,0.0,0.0,0.0,0.0,0.0,0.0,0.0,0.0,0.0,0.0,0.0,0.0,0.0
E60,0.0,0.0,0.0,0.0,0.0,0.0,0.0,0.0,0.9800973243791021,-1.0401668037991257e-05,0.51153349326444,0.0005536076766931168,-0.0001915394969372802,6.394372890379309e-06,0.9739882179361244,0.0,-7.1980049000508744e-06,0.22645393456700064,81042.57976589777,3.8966547594248837,0.005148199136429763,0.01645395839864256,0.07659140791565837,0.019104724243141802,0.0067119330926343835,0.0018702132332031147,0.0032792149996346766,10.132815297494476,0,0.0,0.0,0,0,0.0,0.0,0,0,0.0,0.0032937349816187424,0.0017398106291259575,0.002886333381118323,0.03221114290181669,0.0032882193949100155,0.05592328664142882,-0.0332115579984899,0.10572408601943126,0.24629874618140274,0.0,0.0,0.0,0.0,0.0,0.0,0.0,0.0,0.0,0.0,0.0,0.0,0.0,0.0,0.0,0.0,0.0,0.0,0.0,0.0,0.0,0.0,0.0,0.0,0.0,0.0,0.0,0.0,0.0,0.0
E61,0.0,0.0,0.0,0.0,0.0,0.0,0.0,0.0,0.9765632516857333,-1.018079344482535e-05,0.5299684542586751,0.0014845054741139357,-0.00033959492042140844,5.936091220183284e-06,0.969054237295382,0.0,-3.7917414224496774e-05,0.2194181837364138,102965.52023023447,4.374805103479418,0.008250211778658423,0.028419777146171447,0.09095990190203927,0.04852114108845227,0.004289397654682984,0.0037149709753506507,0.006531629902475101,19.990258818361852,0,0.0,0.0,0,0,0.0,0.0,0,0,0.0,0.015607446099721237,0.002634003364331833,0.0044228245214702,0.06912093999012962,0.00987762439102665,-0.09440262034045359,0.04956500797048276,0.09403664024229665,0.01901760199405127,0.0,0.0,0.0,0.0,0.0,0.0,0.0,0.0,0.0,0.0,0.0,0.0,0.0,0.0,0.0,0.0,0.0,0.0,0.0,0.0,0.0,0.0,0.0,0.0,0.0,0.0,0.0,0.0,0.0,0.0
E62,0.0,0.0,0.0,0.0,0.0,0.0,0.0,0.0,0.9702381835351269,-9.269798509885494e-06,0.5171351559491721,0.0011551790527531767,-0.0008527561741222459,3.0113390098776423e-05,0.9569381239288058,0.0,-5.416354530363194e-06,0.2153124778579713,66507.47910489829,4.294915822769149,0.016468519186211297,0.01214192644442392,0.09768750918522139,0.018230903422616625,0.04595297125812433,0.0026525911838728225,0.004664277349174413,13.774906017851567,0,0.6158084576224224,0.22040886104136032,0,0,0.9980573124739767,0.9978094042053433,0,0,0.9997361770533768,0.0037277564398575064,0.002187942594689413,0.0035409076558341477,0.025683115174398148,0.006515850677772334,-0.29878015518115103,-0.2834278623681974,0.16803120174113875,0.2103398605590422,0.0,0.0,0.0,0.0,0.0,0.0,0.0,0.0,0.0,0.0,0.0,0.0,0.0,0.0,0.0,0.0,0.0,0.0,0.0,0.0,0.0,0.0,0.0,0.0,0.0,0.0,0.0,0.0,0.0,0.0
E63,0.0,0.0,0.0,0.0,0.0,0.0,0.0,0.0,0.9746712679679652,-1.130930520920578e-06,0.5350212530031417,0.00018480872297172427,-0.0002997067765526644,9.712792285571537e-06,0.9743159716854369,0.0,3.4021174218098794e-18,0.21127225324806928,66832.98876917435,4.314046975652443,0.029033867379063875,0.009410931150924944,0.05036315905803121,0.022838517290110327,0.0008164282822147144,0.0021321774335242693,0.0037036519857489864,11.535079915366298,0,0.0,0.0,0,0,0.0,0.0,0,0,0.0,0.003842266146858745,0.001867113801486994,0.0030475630741693322,0.03298888948606339,0.003859682915532303,-0.034175401447312764,-0.026324268112110347,0.07876200195617375,0.27696331018379905,0.0,0.0,0.0,0.0,0.0,0.0,0.0,0.0,0.0,0.0,0.0,0.0,0.0,0.0,0.0,0.0,0.0,0.0,0.0,0.0,0.0,0.0,0.0,0.0,0.0,0.0,0.0,0.0,0.0,0.0
E64,0.0,0.0,0.0,0.0,0.0,0.0,0.0,0.0,0.945659112928304,-4.474907364158776e-06,0.5049778761061947,0.0,-0.00010399428866833624,2.3603923357370717e-06,0.9771460973846405,0.0,-5.549649240335971e-18,0.23317885736682825,61456.22874432341,3.681957962593745,0.033151573264543384,0.007441911576703131,0.05280476360353676,0.0166068661631113,0.00812210120596882,0.0015733839522911468,0.002706032564509929,8.53246117327489,0,0.0,0.0,0,0,0.0,0.0,0,0,0.0,0.0025403423419700023,0.0014154604451912193,0.0023436745885621075,0.016136100234993057,0.005225283355855183,-0.10011191379868895,-0.04845203866085605,0.1143229023878117,0.12271860704176829,0.0,0.0,0.0,0.0,0.0,0.0,0.0,0.0,0.0,0.0,0.0,0.0,0.0,0.0,0.0,0.0,0.0,0.0,0.0,0.0,0.0,0.0,0.0,0.0,0.0,0.0,0.0,0.0,0.0,0.0
E65,0.0,0.0,0.0,0.0,0.0,0.0,0.0,0.0,0.9793727794274336,-1.3981619527264693e-05,0.5310250923944758,0.002334176230305388,-0.0008935614063366342,2.802555970545511e-05,0.962422251228016,0.0,-3.701194176383649e-18,0.213706981008516,61432.51734644022,4.55675446397707,0.02265238854658508,0.020340773330242732,0.0735116602875279,0.03307690958636372,0.002294588993698082,0.0026378621396596566,0.004480257629854128,13.558611397850635,0,0.0,0.0,0,0,0.0,0.0,0,0,0.0,0.00806872577054503,0.0025521736348119825,0.004173707716477639,0.06309684069800084,0.005224811929291569,0.03436775954394988,0.17655545340601597,0.053405928947849554,-0.02265876546391981,0.0,0.0,0.0,0.0,0.0,0.0,0.0,0.0,0.0,0.0,0.0,0.0,0.0,0.0,0.0,0.0,0.0,0.0,0.0,0.0,0.0,0.0,0.0,0.0,0.0,0.0,0.0,0.0,0.0,0.0
E66,0.0,0.0,0.0,0.0,0.0,0.0,0.0,0.0,0.9888315343195653,-1.9560275112309316e-05,0.5201177625122669,0.0005888125613346418,-0.0008026736143908226,2.8322333353160093e-05,0.9557073001039139,0.0,2.7400133372783724e-18,0.20521284213985397,124474.03394890773,4.664912529248391,0.03198215353303982,0.0007891154939954731,0.08864447895524481,0.04388917025118736,0.0015774460783176934,0.004132631155626408,0.0070683526821156886,20.646625253509534,0,0.0,0.0,0,0,0.0,0.0,0,0,0.0,0.027808579955275057,0.0035684632836399804,0.00572780774703925,0.08921223108960344,0.009385004868625896,0.01573416497242411,0.021699359298672446,0.06478659644492542,0.0686288871335346,0.0,0.0,0.0,0.0,0.0,0.0,0.0,0.0,0.0,0.0,0.0,0.0,0.0,0.0,0.0,0.0,0.0,0.0,0.0,0.0,0.0,0.0,0.0,0.0,0.0,0.0,0.0,0.0,0.0,0.0
E67,0.0,0.0,0.0,0.0,0.0,0.0,0.0,0.0,0.9690824482343412,-4.524664183561822e-06,0.5314009661835749,0.0009290226681531029,-0.0004960949156367312,1.529839096995231e-05,0.9665993546798203,0.0,1.8773307685254967e-18,0.20965167511716382,121115.40451756252,4.497343699775629,0.020609145487591973,0.02511182548628882,0.08551328310493778,0.030780885883702352,0.008421551739436109,0.0033475801950634643,0.0058239731956084145,18.013329029636502,0,0.0,0.0,0,0,0.0,0.0,0,0,0.0,0.005314689105464993,0.002171248320302506,0.0035318069989200627,0.03891951173655546,0.007099320911025059,-0.054115706987747314,-0.19233922991238658,0.1756505038202316,0.07461911028249772,0.0,0.0,0.0,0.0,0.0,0.0,0.0,0.0,0.0,0.0,0.0,0.0,0.0,0.0,0.0,0.0,0.0,0.0,0.0,0.0,0.0,0.0,0.0,0.0,0.0,0.0,0.0,0.0,0.0,0.0
E68,0.0,0.0,0.0,0.0,0.0,0.0,0.0,0.0,0.9678068563969777,8.830767896625485e-06,0.5200876552227903,0.0,-0.0010116922043650256,0.00010787605573042365,0.9266106913665988,0.0,7.067804106819139e-18,0.18213862996418648,97516.34924662381,5.49305857377166,0.05547463060880436,0.002733404956805735,0.09273377749119352,0.04056864104181044,0.0020538476890947332,0.006339902214161271,0.010075234381492777,25.9302000559196,0,0.0,0.0,0,0,0.0,0.0,0,0,0.0,0.016695015614592502,0.004277132094118478,0.00615856095132025,0.07164720634128793,0.008917160588995107,-0.06903664410720864,0.06030394261985276,0.21326859936925857,0.03657079632701869,0.0,0.0,0.0,0.0,0.0,0.0,0.0,0.0,0.0,0.0,0.0,0.0,0.0,0.0,0.0,0.0,0.0,0.0,0.0,0.0,0.0,0.0,0.0,0.0,0.0,0.0,0.0,0.0,0.0,0.0
E69,0.0,0.0,0.0,0.0,0.0,0.0,0.0,0.0,0.9730328202022193,-1.2833587642356968e-05,0.563391442155309,0.0011885895404120444,-0.0007315545761030081,2.9256670783629446e-05,0.9505506347503567,0.0,-7.970651403281328e-06,0.1952083159708415,151815.75185742136,5.010565208550792,0.005596252127227977,0.004908897615716394,0.09226673604429554,0.03531956924397117,0.019895597297894762,0.007109129293887155,0.011951724579563021,35.716265572489064,0,0.0,0.0,0,0,0.0,0.0,0,0,0.0,0.02044738097183377,0.004480887582018548,0.007254858379839128,0.062432149378068735,0.010616814431903857,-0.07614590339949473,-0.06686746399411696,0.04615288574481585,0.08685873897670192,0.0,0.0,0.0,0.0,0.0,0.0,0.0,0.0,0.0,0.0,0.0,0.0,0.0,0.0,0.0,0.0,0.0,0.0,0.0,0.0,0.0,0.0,0.0,0.0,0.0,0.0,0.0,0.0,0.0,0.0
E70,0.0,0.0,0.0,0.0,0.0,0.0,0.0,0.0,0.9679513639777638,-8.548582623216037e-06,0.5065913370998116,0.0,-0.0005811763439156311,3.0387267257558205e-05,0.9565657113527903,0.0,-1.7174405361427325e-05,0.21133769811094358,64417.54375336223,4.494737590922472,0.008442881777675985,0.0005760407713790771,0.10527811175309805,0.01924331096727431,0.013580596256792258,0.0026173438283231165,0.004305590067820086,12.338158806715171,0,0.0,0.0,0,0,0.0,0.0,0,0,0.0,0.0334117345721575,0.0025114664050652816,0.003838087871624093,0.03830895846145611,0.03382536596073532,-0.23838868412318814,-0.2099521650543816,0.08722135647358238,-0.00704035221811809,0.0,0.0,0.0,0.0,0.0,0.0,0.0,0.0,0.0,0.0,0.0,0.0,0.0,0.0,0.0,0.0,0.0,0.0,0.0,0.0,0.0,0.0,0.0,0.0,0.0,0.0,0.0,0.0,0.0,0.0
E71,0.0,0.0,0.0,0.0,0.0,0.0,0.0,0.0,0.9753345322851198,-5.61627126602666e-06,0.5343255813953488,0.0007441860465116279,-0.0003747358595559577,1.1314889335332814e-05,0.970925393780772,0.0,-2.2062738008356839e-07,0.20319627834384893,117951.6554611506,4.684357770730007,0.016603594596924974,0.003160943358969475,0.08850967619588344,0.03374040824966171,0.001551875671566463,0.003806189758569238,0.006670375018019032,20.454463762551086,0,0.0,0.0,0,0,0.0,0.0,0,0,0.0,0.008852420095042508,0.0030195123182231404,0.00495377228810434,0.05502579184491003,0.005326669562471932,-0.07153969008979635,-0.04618056676120214,0.15981426326530493,0.24155203219328214,0.0,0.0,0.0,0.0,0.0,0.0,0.0,0.0,0.0,0.0,0.0,0.0,0.0,0.0,0.0,0.0,0.0,0.0,0.0,0.0,0.0,0.0,0.0,0.0,0.0,0.0,0.0,0.0,0.0,0.0
E72,0.0,0.0,0.0,0.0,0.0,0.0,0.0,0.0,0.9744615915513832,-6.862916388846202e-06,0.5178637886118348,0.0003721622627465575,-0.0005957617291515862,2.0092943760173482e-05,0.9621100259458758,0.0,-1.8216592963421897e-18,0.2216614191272758,124816.7952699982,4.051369298454763,0.0059385270058594924,0.01382561302054326,0.07928869315921337,0.029393613276569516,0.0206256834255256,0.0031975695741911763,0.005405795008308577,17.18054132212919,0,0.0,0.0,0,0,0.0,0.0,0,0,0.0,0.008523648203239996,0.0023853226825963684,0.0038818928110332294,0.038676606618660694,0.006976480364765343,-0.031212540500225535,-0.08643447242279273,0.01993992961015469,0.0939899892163964,0.0,0.0,0.0,0.0,0.0,0.0,0.0,0.0,0.0,0.0,0.0,0.0,0.0,0.0,0.0,0.0,0.0,0.0,0.0,0.0,0.0,0.0,0.0,0.0,0.0,0.0,0.0,0.0,0.0,0.0
E73,0.0,0.0,0.0,0.0,0.0,0.0,0.0,0.0,0.97137854203186,-4.691466848334473e-06,0.5430954587581094,0.0011121408711770157,-0.0008311838344334637,2.5049598348547515e-05,0.9644820969974506,0.0,-8.959556333359574e-06,0.1980079862562265,125355.93249916163,4.964482468408811,0.0006134439470071164,0.003934902723111606,0.08317051823378088,0.03397018974422994,0.0022940985963990686,0.004316413052500438,0.0073802382618963205,22.307222655322263,0,0.0,0.0,0,0,0.0,0.0,0,0,0.0,0.020121677035106277,0.003084016122075088,0.005085286465879403,0.06446636651885673,0.011000497058517845,0.13593667905989806,0.01471401713465396,0.23586333014069877,0.03228018391713009,0.0,0.0,0.0,0.0,0.0,0.0,0.0,0.0,0.0,0.0,0.0,0.0,0.0,0.0,0.0,0.0,0.0,0.0,0.0,0.0,0.0,0.0,0.0,0.0,0.0,0.0,0.0,0.0,0.0,0.0
E74,0.0,0.0,0.0,0.0,0.0,0.0,0.0,0.0,0.9747027453555512,-4.4941229237600555e-06,0.5201261361528473,0.0003709886848451122,-0.00026087516267867184,5.939358686519021e-06,0.9753662680024324,0.0,0.0,0.21455842553896762,108327.65848899234,4.122280904312658,0.0224331460772753,0.0006449539677088702,0.06609796489570635,0.02573993854812779,0.0010770921223367876,0.0021643627313355316,0.003643613259167888,11.665915121898514,0,0.0,0.0,0,0,0.0,0.0,0,0,0.0,0.005843882813207502,0.0016813361782807132,0.0027278338727299047,0.037328710731988624,0.005688182035533669,0.01371834670493697,-0.09061083690894593,0.19731284510558952,0.18350450368310595,0.0,0.0,0.0,0.0,0.0,0.0,0.0,0.0,0.0,0.0,0.0,0.0,0.0,0.0,0.0,0.0,0.0,0.0,0.0,0.0,0.0,0.0,0.0,0.0,0.0,0.0,0.0,0.0,0.0,0.0
E75,0.0,0.0,0.0,0.0,0.0,0.0,0.0,0.0,0.9681760936159196,-8.753050249645845e-06,0.5069908814589665,0.0,-0.0005841994811302002,1.1685552447092412e-05,0.9729923161297215,0.0,-4.3489319183514475e-05,0.23258182518053563,38686.92558719238,3.699368897417199,0.02414192596512348,0.0020994515450340934,0.05638389882544064,0.0193802839756614,0.025966702805323566,0.0019361526862067687,0.0031627045244426552,9.552977353744197,0,0.37325372472496327,0.0,0,0,0.0,0.0,0,0,0.9992533287312777,0.0031145249301012517,0.001541529689512091,0.002487069299390528,0.021073141567595627,0.005950451999338355,-0.32763026807761014,-0.3639462548843749,-0.04812996061534631,-0.011393091131060724,0.0,0.0,0.0,0.0,0.0,0.0,0.0,0.0,0.0,0.0,0.0,0.0,0.0,0.0,0.0,0.0,0.0,0.0,0.0,0.0,0.0,0.0,0.0,0.0,0.0,0.0,0.0,0.0,0.0,0.0
E76,0.0,0.0,0.0,0.0,0.0,0.0,0.0,0.0,0.9756816872725131,-1.8137216959077016e-06,0.5254616675993284,0.0007461294534601753,-0.0017120533333814295,0.00011072276526981632,0.9434432020158401,0.0,-1.7747958009481814e-09,0.2177285293557723,110576.75569876257,4.168990776007604,0.0007319768834589514,0.010197006797216461,0.07996560106861497,0.03232415800737381,0.013511297131659864,0.004236735006044209,0.007131745581415448,22.594507787233763,0,0.0,0.0,0,0,0.0,0.0,0,0,0.0,0.0146101131814025,0.0027838830468386792,0.004531473647253155,0.05420193853066294,0.008487362813984246,-0.012927476048617525,0.04885419406360673,0.31594757799721607,0.29424478885374605,0.0,0.0,0.0,0.0,0.0,0.0,0.0,0.0,0.0,0.0,0.0,0.0,0.0,0.0,0.0,0.0,0.0,0.0,0.0,0.0,0.0,0.0,0.0,0.0,0.0,0.0,0.0,0.0,0.0,0.0
E77,0.0,0.0,0.0,0.0,0.0,0.0,0.0,0.0,0.9709707916579117,-1.957370519850061e-06,0.5305000915918666,0.00036636746656896867,-0.001063148052342459,7.035534946341026e-05,0.9399519808419626,0.0,-9.023469182965764e-06,0.22246599998686503,161435.1976228435,3.9040003553715765,0.008331509194157767,0.0015921689281248048,0.11212238458018267,0.05544255512110377,0.005465357307624061,0.003879289801373118,0.006817141973541566,21.17316373589448,0,0.0,0.0,0,0,0.0,0.0,0,0,0.0,0.013743309988786244,0.002721946504987508,0.00449163018104968,0.06394591285868143,0.009355259723414949,-0.056022768418816704,0.041658234470390534,0.17707430316779324,0.018110019992761687,0.0,0.0,0.0,0.0,0.0,0.0,0.0,0.0,0.0,0.0,0.0,0.0,0.0,0.0,0.0,0.0,0.0,0.0,0.0,0.0,0.0,0.0,0.0,0.0,0.0,0.0,0.0,0.0,0.0,0.0
E78,0.0,0.0,0.0,0.0,0.0,0.0,0.0,0.0,0.9694792008705658,2.5146257373141507e-06,0.5259547645532072,0.0005561735261401557,-0.0007657574161263599,3.574219412664038e-05,0.938584657295034,0.0,-2.8611454033632276e-05,0.21185752872018898,153599.76312420017,4.244353466014715,0.006038774219940295,0.0250011908054654,0.09030475711851924,0.036974893085275004,0.004622549067343649,0.0037113741023784724,0.006300095193269051,20.0154405341271,0,0.0,0.0,0,0,0.0,0.0,0,0,0.0,0.016024228339666248,0.00300817585079041,0.004937688944795708,0.055016779213863304,0.011836142808623594,-0.03442244554500987,-0.023176336709797518,0.03775826256588203,-0.07575406932497764,0.0,0.0,0.0,0.0,0.0,0.0,0.0,0.0,0.0,0.0,0.0,0.0,0.0,0.0,0.0,0.0,0.0,0.0,0.0,0.0,0.0,0.0,0.0,0.0,0.0,0.0,0.0,0.0,0.0,0.0
E79,0.0,0.0,0.0,0.0,0.0,0.0,0.0,0.0,0.9862532453984236,2.291807955481721e-05,0.5523105360443623,0.0007393715341959334,-0.0007858043736032568,6.132701630125575e-05,0.9339870422440623,0.0,-7.01091739350802e-07,0.20070823498523746,105605.18576302391,4.8812360532148915,0.023548176252560414,0.0006548958964588176,0.1119602194252838,0.04961343090314561,0.011856145060263005,0.004818285729510021,0.008300792288703236,25.970560082059013,0,0.0,0.0,0,0,0.0,0.0,0,0,0.0,0.016822565942885007,0.0032475104717634524,0.0052420908096298055,0.09612245908988275,0.007384305184736894,-0.16300262174356603,-0.05671705461395062,0.2198918924713545,0.0023655511242016074,0.0,0.0,0.0,0.0,0.0,0.0,0.0,0.0,0.0,0.0,0.0,0.0,0.0,0.0,0.0,0.0,0.0,0.0,0.0,0.0,0.0,0.0,0.0,0.0,0.0,0.0,0.0,0.0,0.0,0.0
E80,0.0,0.0,0.0,0.0,0.0,0.0,0.0,0.0,0.9737657827871378,-9.639591386956311e-06,0.5337596388941133,0.0001880759826970096,-0.0008043023827806494,4.264372908363518e-05,0.9384486316466162,0.0,-4.459681738120032e-07,0.21838954165450752,163541.95909322624,4.169755247636933,0.008361690111520317,0.013305647983249657,0.09369578194867692,0.034067459695584425,0.005488267167330674,0.004239211879375272,0.00727987465448189,22.501736655723946,0,0.0,0.0,0,0,0.0,0.0,0,0,0.0,0.01210811449941875,0.0033072505736911548,0.005392030081364371,0.05577337382519019,0.00795287491158734,-0.0037029174338264084,0.1851625354014034,-0.013304135043395091,0.32080812426097244,0.0,0.0,0.0,0.0,0.0,0.0,0.0,0.0,0.0,0.0,0.0,0.0,0.0,0.0,0.0,0.0,0.0,0.0,0.0,0.0,0.0,0.0,0.0,0.0,0.0,0.0,0.0,0.0,0.0,0.0
E81,0.0,0.0,0.0,0.0,0.0,0.0,0.0,0.0,0.9849653309708271,-7.689645861088649e-06,0.5154981549815498,0.0009225092250922509,-0.0005539827755711474,2.2432634131259718e-05,0.9635845319286358,0.0,-1.599096904959955e-06,0.21471417861743491,100132.05037322,4.393554183228168,0.01592116750323201,0.034917031611266754,0.10278164307656579,0.04121023427931656,0.0011574631959591778,0.0029799258856827355,0.005201410184268798,16.148218374514745,0,0.34567730421022974,0.0,0,0,0.0,0.0,0,0,0.9981131719601183,0.009262176607979995,0.0025526201752838562,0.004286663074083015,0.06206555421969229,0.00633479582531367,0.011157099145361152,-0.06077687848296445,0.16327644497537883,0.13109089702975818,0.0,0.0,0.0,0.0,0.0,0.0,0.0,0.0,0.0,0.0,0.0,0.0,0.0,0.0,0.0,0.0,0.0,0.0,0.0,0.0,0.0,0.0,0.0,0.0,0.0,0.0,0.0,0.0,0.0,0.0
